{"cameraMode":{"drawMode":0,"name":"Shaded","section":"Shading Mode"},"sceneLighting":true,"audioPlay":false,"sceneViewState":{"showFog":true,"showMaterialUpdate":false,"showSkybox":true,"showFlares":true,"showImageEffects":true,"showParticleSystems":true,"showVisualEffectGraphs":true,"m_FxEnabled":true},"in2DMode":false,"pivot":{"x":0.6619700789451599,"y":0.5187795162200928,"z":1.8338223695755005},"rotation":{"x":0.0011596292024478317,"y":0.9977630376815796,"z":-0.06444498151540756,"w":0.017961682751774789},"size":1.4676411151885987,"orthographic":false}